{
    "freshdesk_subdomain": {
        "display_name": "Freshdesk Subdomain",
        "description": "Please enter your Freshdesk subdomain.",
        "type": "domain",
        "type_attributes": {
            "product": "freshdesk"
        },
        "required": true
    },
    "freshdesk_api_key": {
        "display_name": "Freshdesk API Key",
        "description": "Please enter your Freshdesk API key.",
        "type": "api_key",
        "secure": true,
        "required": true,
        "type_attributes": {
            "product": "freshdesk"
        }
    },
    "upsales_api_key": {
        "display_name": "Upsales API Key",
        "description": "Please enter your Upsales API key.",
        "type": "api_key",
        "secure": false,
        "required": true,
        "type_attributes": {
            "product": "upsales"
  
            
        }
    }
  }
  
