{
    "getFreshdeskContact": {
      "schema": {
        "method": "GET",
        "host": "<%= iparam.freshdesk_subdomain %>.freshdesk.com",
        "path": "/api/v2/tickets/<%= context.ticketId %>?include=requester",
        "headers": {
          "Authorization": "Basic <%= encode(iparam.freshdesk_api_key) %>",
          "Content-Type": "application/json"
        }
      }
    },
    "getUpsalesContact": {
      "schema": {
        "method": "GET",
        "host": "integration.upsales.com",
        "path": "/api/v2/contacts?email=eq:<%= context.email %>&token=<%= iparam.upsales_api_key %>",
        "headers": {
          "Content-Type": "application/json"
        }
      }
    }
  }
  